Time,Channel 1 [g],Channel 2 [g],Channel 3 [g],Channel 4 [g]
0.0,0.09906630199990417,0.010632200428623678,-0.37829634597601125,0.09411264990565067
0.01,0.10065169378499249,0.013322521048507858,-0.37871964224457794,0.09937263999130155
0.02,0.10241558529155367,0.012713045637865801,-0.38035264228862814,0.09626500857989165
0.03,0.09891275626568889,0.013716461714247393,-0.3773953594926654,0.09701998550604907
0.04,0.09892131945146694,0.013196419197291514,-0.37683439256896595,0.09985885117861179
0.05,0.10255240912453985,0.014025181211279537,-0.3819207362034294,0.09463293074635891
0.06,0.10092830692491143,0.010855605374248454,-0.3802264440650038,0.09441302151330143
0.07,0.09844865833989436,0.014560863752137655,-0.3802316318130478,0.0960400592308354
0.08,0.10046178500026132,0.0123212744552404,-0.38055894804621987,0.09928401558556604
0.09,0.09843449316838875,0.016076596433086343,-0.3769946839508907,0.09416856573257372
0.1,0.09841137109510602,0.01054769834785569,-0.3790056827387577,0.09154294668730627
0.11,0.09980675659058416,0.015398000798417412,-0.3791279417414879,0.09630494016670942
0.12,0.09547672368385433,0.012321893953275074,-0.3826152955318457,0.09831073948334924
0.13,0.0958364133475881,0.01062323564471795,-0.3773775179924871,0.09960778138300506
0.14,0.09814911873852093,0.010958299408792633,-0.3811987490313411,0.09628093515935661
0.15,0.09724161652360774,0.011285376126589704,-0.3786969336157834,0.0963844046692954
0.16,0.09989665460874657,0.012774402608873352,-0.37836950153078963,0.0995150593520389
0.17,0.09746078054253851,0.012971742013175691,-0.3762859426523114,0.09346777448413657
0.18,0.09646840026551656,0.010778671706666309,-0.3816658054780358,0.09643021633316139
0.19,0.10224691608680354,0.011877363534932487,-0.38507625296441933,0.09758810566337753
0.2,0.09889127800127347,0.016210614701258553,-0.37859941890486437,0.09810569532609748
0.21,0.09950724779868406,0.015381161744354787,-0.37523188406579855,0.09618764449714565
0.22,0.09655133610851394,0.01279872418548322,-0.37615469953291514,0.09727613990693909
0.23,0.09833696918212155,0.01200208511390872,-0.3780049226369323,0.09223060317670143
0.24,0.09966587461478735,0.012166141834918442,-0.37925255427531623,0.09589076105885971
0.25,0.09715132173576882,0.013153115718147094,-0.37657895465070795,0.09811427530863634
0.26,0.10020330725724712,0.00988049468451585,-0.3801618545481151,0.09524266981501806
0.27,0.09823787396207459,0.011411326162002466,-0.3773933007069,0.09732522632670661
0.28,0.09883208017293069,0.008588909877536462,-0.377537756047463,0.09810100288513281
0.29,0.09817905029480031,0.012724522478818216,-0.37664379965567796,0.09652215948181188
0.3,0.10304738697126441,0.013220465863440308,-0.3734567580332706,0.09754818542552054
0.31,0.09927315915800987,0.010959698538222547,-0.37836284722528535,0.09528179275295819
0.32,0.09714318512460184,0.01507404243445151,-0.38023996915382663,0.09679403532413532
0.33,0.10086765710781165,0.009474535263326679,-0.3792193916630211,0.09842769022270585
0.34,0.09675448766629895,0.008997315023945669,-0.3825889365214658,0.09752120380546428
0.35000000000000003,0.09960061455001856,0.01237496738527317,-0.3802668011255978,0.09603419534439954
0.36,0.09526572840842516,0.014020260289015372,-0.3795018161573053,0.097655690692109
0.37,0.09654729025055568,0.01529392009713025,-0.37958447144623575,0.09863647746480064
0.38,0.09963170887790543,0.011008298333681613,-0.37818594897439245,0.09310737532637245
0.39,0.1007626148697694,0.0140834316889315,-0.3801576298190612,0.0995254060134392
0.4,0.09968556716462648,0.011849057045033412,-0.37636479030741793,0.09653474840616527
0.41000000000000003,0.09917294940016809,0.011580823815663019,-0.37874558608711,0.09805823775000787
0.42,0.09886170610699108,0.01369340277240794,-0.37888750901229123,0.09960175173081787
0.43,0.09655850867250089,0.013230732712482984,-0.37957062009781783,0.09446391048906648
0.44,0.0981135583333298,0.008773305791788427,-0.3785852251591129,0.09578837587867231
0.45,0.09865080441408611,0.014879172603163054,-0.37713674041905565,0.096630160491776
0.46,0.10168297388066003,0.014686274706659895,-0.38032932819362697,0.09563975084127856
0.47000000000000003,0.10022914258404104,0.010674964777010871,-0.37967777546738574,0.10067713103520103
0.48,0.09596657640846445,0.01271769348641525,-0.37877064688677703,0.09549371369587382
0.49,0.10007258473129832,0.012914141265016077,-0.38075580960322086,0.09609616432455367
0.5,0.0985726660414139,0.01244742151568264,-0.3797410379742977,0.09761603594673336
0.51,0.09790148474510106,0.010825455964630956,-0.3792549777844801,0.09480295883137523
0.52,0.10039384212322378,0.010582811752564555,-0.37688913618678554,0.09641589646001489
0.53,0.10115923469070273,0.01187494331393894,-0.37850758689975805,0.09784216440602776
0.54,0.10090649736925852,0.014271504051573073,-0.37900859219292776,0.09654153707476239
0.55,0.09733907239921058,0.01301324323389043,-0.37795986965456624,0.09702048416572752
0.56,0.09840416056280053,0.011184814127678277,-0.38005393525728715,0.09614859365863067
0.5700000000000001,0.09972342045968002,0.013469443389661533,-0.37893192423474037,0.09417831726516587
0.58,0.10108194436034244,0.0062289672534617925,-0.37965927257423016,0.09785044430620589
0.59,0.09826916799182478,0.01422359345854701,-0.37856292135562586,0.1007171240268219
0.6,0.0989715126489189,0.008446646426478627,-0.37983380111103293,0.09724406114509429
0.61,0.09725358890362798,0.011201205387620459,-0.3831030444171861,0.0976577861180225
0.62,0.09719327498759056,0.009686760865219881,-0.37812898600134454,0.09859270339376112
0.63,0.1013136210761156,0.009336749768383671,-0.3748480347571758,0.09466859689043401
0.64,0.10247566046131154,0.014247775605208717,-0.3758383321984154,0.10061228719978663
0.65,0.09965587234409248,0.010990724879440054,-0.3759160193855566,0.09761191547637302
0.66,0.10179937454047883,0.012619135219999378,-0.3756552983319944,0.10047097168170563
0.67,0.100461417946985,0.011832280805304317,-0.37826409470497246,0.09574119189247943
0.68,0.09834951485178636,0.012880192403827791,-0.3783084817755695,0.10084338172864306
0.6900000000000001,0.100226985382105,0.01207973814995285,-0.38013721753193724,0.09875756887159698
0.7000000000000001,0.10241890373517848,0.009360089535657687,-0.37965078900523047,0.09831333805523212
0.71,0.09909880564861273,0.013918584959777106,-0.3778276642679817,0.0976753067922337
0.72,0.10213329574257675,0.010938515370306608,-0.376646968051886,0.09671020064737851
0.73,0.09362146591619447,0.008812844245478398,-0.3793333088246356,0.09960832120047515
0.74,0.10040135744809418,0.01106976195282466,-0.3799866205233785,0.0974879776232235
0.75,0.09888116608484629,0.014927503015559975,-0.37915814820333427,0.09327311847635311
0.76,0.09812023102799808,0.013626426712899395,-0.37806697844937115,0.0949728849601134
0.77,0.09897757982271652,0.011228688364961865,-0.38228770365455195,0.09683556637914191
0.78,0.09495591846580023,0.011227496300667295,-0.38410535443350347,0.09782725584985852
0.79,0.09867993125832215,0.011282769389153987,-0.3806361639914237,0.09709408090572762
0.8,0.10005705574527003,0.01607956995115651,-0.3818567881417135,0.09964519946311473
0.81,0.10253694958374103,0.012689983161331788,-0.380146480283437,0.09330505415545017
0.8200000000000001,0.09877429349103149,0.012786233951885502,-0.37897829662583954,0.09749443375653773
0.8300000000000001,0.09839077465239889,0.013986752029134223,-0.37901718510951743,0.0935712994327531
0.84,0.09914612572901421,0.012403789876859268,-0.3746346023284744,0.09872668247449574
0.85,0.10204915573132099,0.011408141999565614,-0.3764199323235541,0.0970183404546434
0.86,0.10085960628854766,0.011533526786317087,-0.3762014402831383,0.09804647782757564
0.87,0.09903752986145778,0.011783008025195411,-0.37556862092013693,0.09547949196234788
0.88,0.1009347326513728,0.011851733945061452,-0.37938160779110464,0.09976618774684291
0.89,0.09984362128216713,0.013381390856951317,-0.3755673380402446,0.09929070721164511
0.9,0.10128012058331232,0.012029965755649425,-0.37855563492149896,0.09837434648955118
0.91,0.09761247570251516,0.013391290147600543,-0.3779110283680419,0.09694822338980053
0.92,0.09804750168506662,0.011764512756539516,-0.3821444877596672,0.09836697245411767
0.93,0.09765021534013955,0.012083158918618555,-0.38368648969681796,0.0957934727475527
0.9400000000000001,0.09531467618724775,0.007929443283698484,-0.37927199778852966,0.09891836920156884
0.9500000000000001,0.09874136398199815,0.013758475697647009,-0.3801987834645577,0.10050621967217525
0.96,0.09869455709125846,0.012618797232001232,-0.3825353829685859,0.09934847900348578
0.97,0.09832679006911525,0.01392186724597712,-0.3820722942460013,0.09574805294391259
0.98,0.09810512956177744,0.006133389835507144,-0.3775378236321851,0.09793009251807361
0.99,0.09609568342428479,0.016102727547825452,-0.38152179917407025,0.09462097479601012
1.0,0.09850153995671582,0.01164689472772448,-0.3752056708055935,0.09835203850587876
1.01,0.0990995563531241,0.0141425455434684,-0.37973541153641355,0.09810846470925248
1.02,0.0986047875815257,0.009846473911422174,-0.37618758263823693,0.09346762520446308
1.03,0.10024892438497068,0.013151928155114213,-0.3777591960816554,0.09488369019570268
1.04,0.1016387820517863,0.009819621339326368,-0.37564610776886853,0.09664098009003988
1.05,0.10472653854766778,0.010678954237369784,-0.37778699324273374,0.09660553838924575
1.06,0.10127026038970605,0.01575455456059086,-0.3769392121941942,0.0947883040126898
1.07,0.1012404796716487,0.011545082624990297,-0.3765798546973896,0.09798521534223177
1.08,0.10022823386082044,0.012361224749363386,-0.3789039577548244,0.09771020510140843
1.09,0.0960651332001794,0.013666366837544061,-0.3758748687281327,0.09681871961957036
1.1,0.0992898028513481,0.012917437759980036,-0.37906074960526115,0.09569567488321068
1.11,0.09887001485012048,0.012226738196658015,-0.3793642146607482,0.09930467213636053
1.12,0.1031078057104601,0.012655649255722821,-0.38186302893431023,0.100518072109704
1.1300000000000001,0.09731279938758607,0.016732404075399866,-0.3859496757318337,0.09624013491583433
1.1400000000000001,0.09795553260397305,0.011810217970138877,-0.3820346439312307,0.09598292404921777
1.1500000000000001,0.09711997314888166,0.012327589484075809,-0.377397107743868,0.0981896732143514
1.16,0.0948983337482436,0.014026701363746459,-0.38085901443799997,0.09649119912403344
1.17,0.09978449235391111,0.01413651749166404,-0.382275231788736,0.09692846348220094
1.18,0.0994685768456835,0.014299670747701073,-0.3821188742987547,0.09868656418697676
1.19,0.10017968900274458,0.013203278539966029,-0.3805064405070416,0.09338854570851282
1.2,0.09752405569265706,0.00964006415857386,-0.3781758736053414,0.09984386253323274
1.21,0.10293654682804525,0.015193218719812364,-0.3802534103444398,0.0973526189321861
1.22,0.09808057322100788,0.009633945228282453,-0.37430697688239256,0.09638427159440305
1.23,0.10269786082782698,0.012532156316821374,-0.3739231734484103,0.09702878957508451
1.24,0.10635992461603369,0.010418522696363534,-0.37307758046350886,0.09713211659356845
1.25,0.1002110305624367,0.011798900412551834,-0.373193747666395,0.09374485527663756
1.26,0.10099546929897806,0.012584698916960402,-0.37407491936333015,0.10019713433843389
1.27,0.10197708859035902,0.012569769602850441,-0.37330727476838255,0.09728990914806865
1.28,0.10015384861836955,0.012770662859037047,-0.37440171369783126,0.09809326214442216
1.29,0.09722357120810068,0.015153908405571117,-0.3775138367494138,0.0991103574246755
1.3,0.0994799565518586,0.012833142587062786,-0.3794159212428449,0.0951649329684068
1.31,0.09618166608405725,0.011437308234909408,-0.37965175170321885,0.09815420168159787
1.32,0.098264710836537,0.013853346373632894,-0.37827503214852315,0.09667197570172982
1.33,0.09464081505657507,0.014303714123826,-0.3851828525198342,0.09890079943396039
1.34,0.09898593867527418,0.009469256098327567,-0.38665849417119547,0.09295280304282441
1.35,0.09404387818743462,0.013119109135415344,-0.38398861496127373,0.09700906928304487
1.36,0.09505379657264992,0.013326661054628479,-0.3843297862229653,0.09600161657195949
1.37,0.09778653324445735,0.011329380219000512,-0.383752097344175,0.09807178378479572
1.3800000000000001,0.09450676050158206,0.014676295410517909,-0.3826949313138616,0.09814734625826381
1.3900000000000001,0.09851641261597703,0.011625306429670345,-0.3821079060675803,0.09579200609388336
1.4000000000000001,0.10195711611081142,0.01217722689097791,-0.37671550832544604,0.09578291015517532
1.41,0.09747759434804844,0.011580649967737288,-0.38077673739446055,0.09698592714641276
1.42,0.10234666869210314,0.011958665122630526,-0.3771131722022659,0.09541397342889699
1.43,0.10358335780297977,0.009735588559342409,-0.37372487129475473,0.09889122527443166
1.44,0.10539413876736915,0.009048512849356021,-0.37527181075303323,0.09646884348263252
1.45,0.10170965047444842,0.015117879982565034,-0.3714413605399261,0.09139328144488412
1.46,0.10142438727962073,0.01023493396124935,-0.3675761400398349,0.09645761377028379
1.47,0.10450702364511069,0.009945766187446957,-0.3715054897404529,0.09513017024183947
1.48,0.10300693061290993,0.007621176632944551,-0.37255640161764997,0.09394470625260552
1.49,0.10149898797316412,0.010649186092899545,-0.37763137128240654,0.09473240460708227
1.5,0.10003572702124051,0.00927989439721983,-0.37887126941976057,0.09742607482719334
1.51,0.09624274702264074,0.015208971172775986,-0.38117271850385387,0.09986453954002388
1.52,0.09641431887180574,0.01394345395074003,-0.3838122466762507,0.09783362683125738
1.53,0.09514185840285902,0.010546528639686024,-0.3830171845643512,0.09599425110709593
1.54,0.0921460900006783,0.01642695710644142,-0.3862959123416425,0.09811906627386882
1.55,0.09685877044799236,0.01388522015776547,-0.3906729809033376,0.09628907726308943
1.56,0.09423278579888869,0.011272051477628517,-0.38808312901956815,0.09581805714520111
1.57,0.09168021154786506,0.006923385759537774,-0.3867958032854333,0.09489853254706145
1.58,0.0967256206697091,0.016505015037195744,-0.3837443909784982,0.09370360027002397
1.59,0.09527666891860175,0.009145311383379979,-0.380205060470362,0.09642741047040852
1.6,0.10091699980973143,0.008635276490121042,-0.3821782938173966,0.09752336486336767
1.61,0.10388090446517594,0.013972981321342903,-0.3782735355447096,0.09701401054349763
1.62,0.10202779819256208,0.016809089444086867,-0.375684099517455,0.09637532402763269
1.6300000000000001,0.10736738488162158,0.014699667704810987,-0.3705330790389078,0.09531576576213385
1.6400000000000001,0.1075083418451903,0.013060091374738049,-0.3667284525122705,0.09842375026689734
1.6500000000000001,0.10888853880664663,0.013122390978369258,-0.3642798499442633,0.09457299404363424
1.6600000000000001,0.11082957906777025,0.01363966773440042,-0.3662283394446212,0.09875931371121437
1.67,0.10555085420895899,0.01344993866377787,-0.367787343197115,0.09520282384567395
1.68,0.10281680383509191,0.012493014451517431,-0.3690918553371046,0.09570238740882134
1.69,0.10024403742494671,0.012136977928378473,-0.37442450566852137,0.09427368750229606
1.7,0.09771121003231571,0.011800887728235782,-0.37273194397571646,0.09620445358975614
1.71,0.09638222098551352,0.010415418398097525,-0.3846157159777188,0.09915788280048336
1.72,0.09456365287507446,0.011359310846596821,-0.385468863045173,0.09823851406041532
1.73,0.09220615376987751,0.008532384614971763,-0.38572312651638413,0.09916410210758347
1.74,0.09174989404540808,0.011719855505090838,-0.3927332167215643,0.09825154297539528
1.75,0.0894238957962239,0.009938425642419653,-0.39483002209983464,0.09499991822646667
1.76,0.09257696213210577,0.009708509832156771,-0.3953155148207698,0.0965456794348723
1.77,0.09039925276034817,0.012276645663200306,-0.39352286162973205,0.09564685962529249
1.78,0.09853230225926132,0.014703093308999014,-0.3875400764827943,0.09986840769160549
1.79,0.09723428706967219,0.013758876735402421,-0.3904962776096755,0.09481368059067478
1.8,0.09762851548941394,0.008785072776788472,-0.3778125003078164,0.09899465326230564
1.81,0.10071205906906719,0.009950983830559585,-0.378139400148891,0.09899316562374495
1.82,0.1071336475954864,0.01381587946527962,-0.37032799161466273,0.10086649828695958
1.83,0.10849749188268168,0.00997295726776918,-0.3658056333343939,0.09638788469826841
1.84,0.11230520936034726,0.011491340543896538,-0.3601022820415544,0.09863190220268774
1.85,0.11268146241523705,0.013042107225491043,-0.3623854253758472,0.10177056155660509
1.86,0.11123834682447119,0.010005175634138611,-0.35806169207463895,0.09597197452966001
1.87,0.10811311327819545,0.01215082431576451,-0.35667676090440126,0.0941371773884627
1.8800000000000001,0.10407886350125715,0.009268622426649824,-0.36703539098979715,0.09344723781571188
1.8900000000000001,0.10261975356016534,0.010729145237283341,-0.36919100806351063,0.09863268194125008
1.9000000000000001,0.10105562819089346,0.0125656378523199,-0.37732303615204427,0.09344095746741024
1.9100000000000001,0.09542219727402106,0.008733783773144183,-0.38210055549410893,0.09646261977765157
1.92,0.08840512359928049,0.012794535056909518,-0.38976358428816643,0.09808188425760533
1.93,0.08782021117458043,0.011868894662522634,-0.39712526962147565,0.09757760895718724
1.94,0.0858695197456888,0.013009133611845374,-0.3995125703331955,0.09805814761189575
1.95,0.0822871840614817,0.012349900086258477,-0.39948016434145345,0.09765183759512912
1.96,0.0848101960828166,0.014630585129195798,-0.4036120049604847,0.0997649895101542
1.97,0.0865759933526898,0.012155470712508623,-0.3994894380146851,0.09530262512204982
1.98,0.0875051807108737,0.011051339330894885,-0.39889447071835177,0.09585326760661035
1.99,0.09493456238318618,0.012161954518319107,-0.3915884535833716,0.09566193899298576
2.0,0.10046439965498297,0.013012670042107603,-0.3807799813947724,0.09886764150725263
2.0100000000000002,0.10684188402556574,0.012033234399267437,-0.3702175726751759,0.09900805506031754
2.02,0.11179767786055134,0.012025943849986353,-0.3641196956025239,0.09810970852216443
2.0300000000000002,0.11111332096339857,0.010548853297443636,-0.35816895741243054,0.09957424521730726
2.04,0.11488218128106108,0.010633006083116065,-0.3520864525237014,0.09485117614877464
2.05,0.1190456230429661,0.009156670464330406,-0.3516436386214633,0.10054170610662969
2.06,0.1184780062656549,0.015460652275460058,-0.34783110206338136,0.10025373512695193
2.07,0.11607712894766613,0.009469691069914672,-0.35005368350107696,0.09867850187801891
2.08,0.11867983065696396,0.010563947606033006,-0.35836126759292125,0.10077085570106953
2.09,0.10671790441855437,0.010502208019133426,-0.36637511270138307,0.09389401146817186
2.1,0.10161396188260773,0.013715922737923708,-0.37446618382542485,0.09615836161100211
2.11,0.09477611821947171,0.011322175639094666,-0.3862266542017164,0.09573665096216351
2.12,0.08809561992272795,0.014393875629028668,-0.3955881401355232,0.0986502165310421
2.13,0.08111177326157998,0.010539485622804427,-0.40007964021865183,0.09510697640432311
2.14,0.07978061676692848,0.01243566654481187,-0.4113869092897846,0.09872224818220238
2.15,0.07521719872080965,0.010202493590936352,-0.41529468874572834,0.09994833017152084
2.16,0.07699446649343968,0.016164102778498245,-0.41613258270700787,0.09859766368369541
2.17,0.07941974502715138,0.009504675809909878,-0.4099083371845203,0.09777475993085041
2.18,0.08548328041824886,0.012510839350647309,-0.4049328627338387,0.0952315112017259
2.19,0.09646463113793868,0.013174579308598753,-0.3962240224940643,0.09551355595127668
2.2,0.09560830021706315,0.012753672178937824,-0.3805620672468347,0.09970649569412074
2.21,0.10849806195658201,0.011576051217222584,-0.36777044143447235,0.09876595589133808
2.22,0.11118761149428542,0.011707033899654,-0.3595831582636957,0.09712921884477232
2.23,0.11951279910444042,0.01207172974824082,-0.3514742936872468,0.09637143879199563
2.24,0.12678350626591672,0.011702909163962608,-0.33780781542057714,0.09315564213730465
2.25,0.12650453649417337,0.013931167019481463,-0.3368905148485981,0.09506555304615853
2.2600000000000002,0.12334996818620593,0.016423476420033993,-0.333920460105667,0.10103009605780686
2.27,0.1205569809920769,0.010878514931785118,-0.3437291209564004,0.09464634674152247
2.2800000000000002,0.11744067117348049,0.009237313974066162,-0.34628380220042587,0.09758621752596958
2.29,0.10683434585580781,0.011777252929241117,-0.36220449102311414,0.09922214582991781
2.3000000000000003,0.09977574778141025,0.017085492659343463,-0.3723003329233567,0.09469741254752283
2.31,0.09017211577076631,0.010288850951762803,-0.38866844771822234,0.09757667883308957
2.32,0.08012316490956627,0.015145351061109931,-0.40505471891668543,0.09908308895854873
2.33,0.07855428826264797,0.015197291289138829,-0.4164622951138367,0.09723225652734191
2.34,0.07063662044391969,0.01071623855541495,-0.4234988251561001,0.10294406399486095
2.35,0.06325002650204711,0.012952079872839133,-0.4294994622738523,0.09387005936577102
2.36,0.068736045548368,0.015072433868048627,-0.4285468804926152,0.09932471494329517
2.37,0.07123194462195938,0.011070400724334052,-0.42065461161192025,0.09686165440873448
2.38,0.0812667320609073,0.011445522326574553,-0.41783706925021585,0.09875109819320076
2.39,0.0871890053262742,0.010722707931409963,-0.3977327990331979,0.0980898721869259
2.4,0.09911335771931264,0.009896560522649093,-0.38427818730024477,0.09574094548930742
2.41,0.11126525944257029,0.010670509647791433,-0.36869130226894165,0.09766525066844609
2.42,0.12216267764212665,0.009562951477656494,-0.3525673814772198,0.09349145498073083
2.43,0.12642861542879286,0.012115146356245728,-0.3356368360514949,0.09841375288467019
2.44,0.1338838920090876,0.010533418825428416,-0.3225340453448248,0.09780357481550846
2.45,0.13599518427458407,0.012554121755247722,-0.3188648689356095,0.09848457822081362
2.46,0.13435484261871422,0.008972411869810522,-0.31581626567832494,0.0993234945337017
2.47,0.1342461345748991,0.012727187230324049,-0.3278429205644316,0.09794249756394684
2.48,0.12329643655968497,0.013698010189113048,-0.33664792546897704,0.09750343672312396
2.49,0.10917413413276418,0.007995713032075448,-0.3554052631101862,0.09544512121020482
2.5,0.10117855449635607,0.01267418712372997,-0.3714860711256343,0.0957828163562293
2.5100000000000002,0.09085786452350907,0.014320160669407916,-0.39103506083060324,0.09958072712388207
2.52,0.07683299565895563,0.009386153206959263,-0.41348352950608375,0.10007992869493937
2.5300000000000002,0.061977222304663605,0.015099302288135233,-0.43488943239295974,0.0967310370109033
2.54,0.05742517583494436,0.012554886572912635,-0.4417014690648604,0.09729926337803396
2.5500000000000003,0.05818907787565021,0.010288324062904535,-0.447807114218221,0.09539802913353988
2.56,0.05577339183901304,0.011590364127298908,-0.44756266558413127,0.0995527715740623
2.57,0.06385377229566035,0.012845371905316717,-0.4386121670004908,0.09853809153091096
2.58,0.07408356865914344,0.01192970121955548,-0.429551828428351,0.10108969275645491
2.59,0.08319404247894269,0.012922866074615739,-0.4070122910859844,0.09545061172916793
2.6,0.09922377989012311,0.010084726797876094,-0.38348141971024197,0.09645124208549097
2.61,0.10756113734328987,0.01235119540668243,-0.3655599222047588,0.09767014972857856
2.62,0.12564669460480063,0.009268645333678632,-0.3384887845607819,0.09850023695897896
2.63,0.13840204119514044,0.011945639041693901,-0.3205656598654401,0.09677592260843214
2.64,0.14399716702931933,0.010412503562451596,-0.30557589202731944,0.09546133570262001
2.65,0.15286032609694167,0.01077495748835992,-0.2974700781794165,0.09897007294137455
2.66,0.14492283987722968,0.014712895034169466,-0.29969782752407853,0.09864952860861857
2.67,0.14022230057156568,0.014385414931473602,-0.3087789992116432,0.09537470968239996
2.68,0.1303490886385697,0.013352196856974226,-0.32333780398560913,0.0999181434857384
2.69,0.11860281642093086,0.00985440295287882,-0.3474644334051448,0.09954765530192061
2.7,0.09647110629988727,0.01129325708464522,-0.3732569048005073,0.09747585087802299
2.71,0.08486032158284276,0.014231608371203467,-0.39688308627474117,0.09736645360827949
2.72,0.06697749454806351,0.011972332291406176,-0.42645792838706365,0.09831537342575922
2.73,0.05223260791111503,0.01622742092948741,-0.44491983635152654,0.0954838517430149
2.74,0.046517667477037866,0.012303014948791612,-0.46127441608146996,0.09726732084185558
2.75,0.04251177977194169,0.011865141159301278,-0.4735900466633329,0.09290249079430905
2.7600000000000002,0.04303235499266507,0.010870631644308121,-0.4706433791579068,0.09896016917453328
2.77,0.052020482664581216,0.011809015160778674,-0.4570679476925654,0.09408427143864369
2.7800000000000002,0.0636640605290883,0.011332892296202577,-0.443408497734452,0.1002140975403854
2.79,0.0809932280000523,0.013185802439637448,-0.41770571051796856,0.09654701769559451
2.8000000000000003,0.10066709195128928,0.013839478617623998,-0.3867381055554477,0.09678392391966506
2.81,0.12154273395241195,0.010520926687426952,-0.3553222432402449,0.0959517900713584
2.82,0.13349179874556927,0.009591210404651851,-0.32789776981219443,0.09663118013568325
2.83,0.1546141378237407,0.008719115116985338,-0.30340212264037764,0.10004432057382348
2.84,0.15610153309247066,0.013506823087615635,-0.2811680422283891,0.09223164057045725
2.85,0.16356496965536244,0.010332205397256291,-0.2714532739143642,0.09976118865570378
2.86,0.16259375835659715,0.008221784225017084,-0.27401057101599985,0.09788330484573082
2.87,0.15331109646084323,0.013231184959818482,-0.28713771171741814,0.09479321458781298
2.88,0.13733835322779184,0.017307830046930095,-0.3097980099050421,0.09505663309742893
2.89,0.11978807309934687,0.012128577067812193,-0.33812119189861617,0.10056004393794382
2.9,0.09835682873292888,0.013603055532938113,-0.3685927102298896,0.09531624412364195
2.91,0.07683857567003098,0.011861358602746282,-0.4036189417505409,0.09490055686233549
2.92,0.06003596406660984,0.011280291440863477,-0.43458903516850433,0.09948188696825687
2.93,0.043006844145748194,0.013128347680920494,-0.4637971003485711,0.09788436363609923
2.94,0.030172620399642937,0.010574737732543337,-0.4878705880005545,0.09533140673045461
2.95,0.029113396144138028,0.011625263590114355,-0.492375333403405,0.09764050783433664
2.96,0.030734514785640377,0.011750200757683358,-0.49456892510023714,0.09515575251624686
2.97,0.04147140665118177,0.009871505864257382,-0.48028229746743695,0.09940890068037261
2.98,0.056929522387567995,0.01337218994150471,-0.4557479253413663,0.09932999981327367
2.99,0.0744905829597755,0.011284670484941374,-0.4209649547938324,0.0982712702811713
3.0,0.09822246852185178,0.010414583665049135,-0.3822760189908519,0.09793058000602144
3.0100000000000002,0.12450023051798291,0.01330860201992741,-0.34908273073959595,0.10072963413326216
3.02,0.1460184482569257,0.010735696082858437,-0.31444542017299437,0.09720663053830386
3.0300000000000002,0.1624772737763506,0.012842501943012405,-0.28240689414262937,0.09484350963268581
3.04,0.1745657738216894,0.012949330805883893,-0.259823821743526,0.09810620570919203
3.0500000000000003,0.1815021121902913,0.015225800415798112,-0.25151024510541525,0.10137935198260163
3.06,0.1745863752769232,0.013980262363051813,-0.24921795240813838,0.09517773889715571
3.0700000000000003,0.1660601656368557,0.012843803868114184,-0.2667641231901918,0.09648433235013944
3.08,0.14705951507531634,0.014285613145509777,-0.29195462899779345,0.09804014995973032
3.09,0.12443875750430942,0.015098380602041122,-0.32634780422265725,0.09709944818551593
3.1,0.10154038430622153,0.013041694596738547,-0.36727024308919554,0.09524265072277278
3.11,0.07499864978679487,0.011531485903315927,-0.40873868057206814,0.09945097359598835
3.12,0.051084861549551164,0.008489345137604602,-0.45168904377168,0.10184733932756193
3.13,0.0326895741141123,0.008644130158315331,-0.4852280640409053,0.09759952080157522
3.14,0.017252490185751153,0.00992234969726699,-0.5101771863295088,0.09539912130405541
3.15,0.013606139607832128,0.009199645839948188,-0.518589264058339,0.09410933683342046
3.16,0.01518176340779952,0.010077132832929223,-0.5153785920923737,0.09772320984596977
3.17,0.0283314735997148,0.010748585119673214,-0.4997786571832714,0.09941501257015993
3.18,0.04658742924826775,0.01202077561739269,-0.4687093856147644,0.09815759337651818
3.19,0.07171266187402103,0.01126343258240501,-0.4335352512789605,0.0972024502016897
3.2,0.10053314465312001,0.01289907727168724,-0.38771485335615724,0.0960287145799488
3.21,0.12597931702793477,0.012606712136403625,-0.34500177105209606,0.09502293061809124
3.22,0.15772973058734135,0.00905415217236923,-0.30021063591704983,0.09887676053617718
3.23,0.17251403945002175,0.011574324422983248,-0.26191430624145545,0.09903480112629857
3.24,0.18597638132274216,0.013483226806108637,-0.23654781513554077,0.09411579831014594
3.25,0.1960140025978726,0.011501175325668692,-0.22728981265391948,0.10038693583988878
3.2600000000000002,0.1913340826080927,0.015075595353183181,-0.2300566615313011,0.09835540032531541
3.27,0.17806398449240557,0.016692044329278264,-0.2508492243158851,0.100006447173819
3.2800000000000002,0.1572964548907164,0.01563617621447824,-0.2795643767403904,0.09452300238655718
3.29,0.1293395650641015,0.0121866354697649,-0.3184299596835433,0.09447560957269653
3.3000000000000003,0.09754832185927492,0.01490752625773471,-0.36679222877149575,0.09690931926399282
3.31,0.06904995866073774,0.011497818934923095,-0.41650997437108495,0.0982128267373178
3.3200000000000003,0.03968162568448413,0.009834188802912801,-0.4638449441355231,0.10079997952938134
3.33,0.020496995538711326,0.008695051702910237,-0.5025829711794778,0.09861941571115768
3.34,0.003433502056700308,0.008901402095153374,-0.5308076826981315,0.09672189532990334
3.35,-0.003504619874824361,0.00853700826585476,-0.5405785135941295,0.09515451946819563
3.36,0.0018337327464738543,0.009715468730756108,-0.537440572435727,0.09966725902896571
3.37,0.01724437374436633,0.010018889691364587,-0.517885340176934,0.09527784703202598
3.38,0.037589607124722445,0.010270126996884036,-0.4864577517684972,0.10046419499307205
3.39,0.06562891197131838,0.011903013824693094,-0.44524028746697325,0.0966384885843144
3.4,0.09983020502522919,0.014307366533607504,-0.38760699113417635,0.10038842202876311
3.41,0.13228939358452615,0.014769993405364543,-0.33784332762315783,0.09856512046364596
3.42,0.16042733795527866,0.010800477308089418,-0.28908167822843567,0.09693326690464249
3.43,0.18436473489316338,0.009422764842796394,-0.24488403037725628,0.09616846513987516
3.44,0.20143623738620234,0.01693607750161097,-0.2185442249947404,0.09652544212883525
3.45,0.2039007573695697,0.012580821492974615,-0.20269690194047282,0.09806389126827789
3.46,0.19928130351870643,0.014782272112729386,-0.20799535944433123,0.09736157087596284
3.47,0.18578208732530388,0.012470064870057345,-0.22894321409567495,0.09601963506739
3.48,0.16309776459737943,0.010471204573812705,-0.2690517231852929,0.09687599506289214
3.49,0.13388125121545227,0.014167619609602455,-0.3113247385306549,0.0973644119429657
3.5,0.1022935430361465,0.013444384304640141,-0.36746875677278984,0.09294978969469779
3.5100000000000002,0.0668006768146175,0.009555029287067186,-0.4245852288779579,0.09812359411310481
3.52,0.03354456630676653,0.00436887601241104,-0.4755663753368005,0.0952478154340938
3.5300000000000002,0.008752425974230251,0.007482603085340422,-0.5223798998457031,0.09490059307711592
3.54,-0.009609074416127893,0.008672055558979068,-0.547728063345432,0.09383256918930599
3.5500000000000003,-0.01365758040388776,0.004617324422905976,-0.5638258938619974,0.09361947288779163
3.56,-0.009148198951900197,0.008052396371966145,-0.5593808734667193,0.09449636287730283
3.5700000000000003,0.007791194912181737,0.008199445843705525,-0.5370607698328391,0.09578921596826642
3.58,0.030417981892453583,0.010333434978373437,-0.49367986097176836,0.10111377615858054
3.59,0.06486831392399355,0.010683475880629994,-0.44730367618144184,0.09615549853173701
3.6,0.10240830842825117,0.009979936102271705,-0.38613902739070993,0.09756275809606348
3.61,0.13492376514896287,0.015873834880803985,-0.3319382985918205,0.09800822065654007
3.62,0.16850162377534134,0.014637447396894156,-0.28015782461327016,0.0974693882559591
3.63,0.19515968760356678,0.016139926319635418,-0.2345493149578094,0.09705237096207542
3.64,0.20996318664622135,0.015197502638237968,-0.19942997011362204,0.09481667035632892
3.65,0.21736452348641014,0.01657062100073958,-0.18896061722885704,0.10010911298008583
3.66,0.21157350820982915,0.0155416823061321,-0.19551927026179816,0.10082165117080318
3.67,0.1953061619078345,0.016269341751290713,-0.2179607210012274,0.09384194049528204
3.68,0.16760282194952206,0.01883650283741173,-0.25697948809726845,0.09515920070175465
3.69,0.13620682742090945,0.011058436675537964,-0.3075903820013328,0.0966476371987734
3.7,0.10033882718473755,0.008698951188281335,-0.3657464219681636,0.09527818229370702
3.71,0.06520858749196494,0.012903930300488685,-0.429566760401652,0.09821918899043915
3.72,0.030612643011076402,0.007684389455967299,-0.48725672443478046,0.09575071347871418
3.73,0.006141784865334683,0.005204887604994643,-0.5311321357137492,0.10153737001914062
3.74,-0.017122864418881098,0.00753277122038961,-0.5609154619625394,0.0995883550722146
3.75,-0.02006668243385512,0.0037533858917161763,-0.5767424199028126,0.09763240594479183
3.7600000000000002,-0.015797579315994983,0.008807037774009933,-0.5706361987834327,0.09926123041016688
3.77,0.00523506004774948,0.007391940803917647,-0.5433994789403627,0.09941905873224202
3.7800000000000002,0.026009785978122778,0.006574644494428349,-0.5030112757786116,0.09607936290741093
3.79,0.05987866904948929,0.013888775650892774,-0.4493403649382488,0.09557482339444348
3.8000000000000003,0.0981440453113588,0.010714644138028188,-0.3902390600449165,0.0973635440094667
3.81,0.1330311985746784,0.015867974152113447,-0.327195164638372,0.0989305301325233
3.8200000000000003,0.1705838012551268,0.017302769658775294,-0.2714225247282049,0.09748537868083425
3.83,0.1975009097578865,0.021250667358593215,-0.2212637495164451,0.09405326491914541
3.84,0.217013689685082,0.023123160816430087,-0.18948748385512204,0.09560160899562573
3.85,0.223627973130205,0.020664591876856757,-0.18201538895595595,0.09705931215633866
3.86,0.22081788269897526,0.018848060076619343,-0.18650414657798872,0.09705592667487575
3.87,0.20151987859217693,0.02017072734837306,-0.2130727996539702,0.10115234223710702
3.88,0.1711350729622334,0.01600665238839831,-0.25361275320540067,0.09443528199872941
3.89,0.13594013695560253,0.01887181548252507,-0.30733146840762826,0.09821843636719915
3.9,0.10032666894526059,0.01219914464620036,-0.3723445753372031,0.10018548410018399
3.91,0.05823136338127157,0.008151256309870483,-0.434614414120285,0.101750157374373
3.92,0.029767329916692703,0.0063830739838851925,-0.4928772894852414,0.09639846303715949
3.93,0.0008220447412793852,0.000923534509417455,-0.5375329675625617,0.09819011678896782
3.94,-0.020263789996133773,1.2083975802737847e-05,-0.5692569547996369,0.0983467785979247
3.95,-0.02892728607150783,0.003625349632069874,-0.5831566867795176,0.09759822134663398
3.96,-0.016736421566805867,0.0002242261141673389,-0.5737009643902952,0.0970095674810488
3.97,-0.001967876416778875,0.0008139737381568672,-0.548420219806873,0.0980792086625275
3.98,0.02835999985157561,0.006313182982091284,-0.5047892928419919,0.09214276571308803
3.99,0.05752878229572202,0.010710792235531053,-0.44564386557632674,0.09857139686365267
4.0,0.09814408055633839,0.013363980605364931,-0.3842179593849618,0.09745961369085135
4.01,0.13797851099061753,0.017651235011524342,-0.3266114728446586,0.09676230808997088
4.0200000000000005,0.17289525516439433,0.017655554014860544,-0.26480473498438334,0.10130098227496652
4.03,0.19952432698780856,0.0192505330184975,-0.2181146646825118,0.0958573898459463
4.04,0.2193755273843244,0.027119241818997143,-0.19104890291148893,0.09640110590539734
4.05,0.22205143735905397,0.02435161964076213,-0.17462918886688136,0.10119036448793688
4.0600000000000005,0.21772634092637466,0.024099730584233453,-0.18049600356317264,0.0955431352738277
4.07,0.2004630879680797,0.025575404348698084,-0.2124925699536276,0.09610702731765433
4.08,0.17361012648762614,0.021180609954221722,-0.25511956873279096,0.09691320703666571
4.09,0.13923706116535917,0.017201154484643093,-0.3067805459400179,0.0988887268477865
4.1,0.09709354641857276,0.016256078673837184,-0.3705803880812048,0.09762286289823403
4.11,0.05788046656472207,0.00610673638644148,-0.4329835430692211,0.09462200718922288
4.12,0.02895213457473427,0.004996759012706179,-0.49083372328586394,0.09614292075727303
4.13,-0.00026874168735288486,-0.0002802629621411188,-0.5369810158969731,0.09599254901710298
4.14,-0.019876852889162615,-0.0022928480516517993,-0.5707683598033093,0.09705281579308132
4.15,-0.02115649602311254,-0.0008229761797933417,-0.5777783657673637,0.09805894520078706
4.16,-0.01779589163905119,-0.002370563330114716,-0.5694940068377862,0.09804366939530336
4.17,0.0020250804916250803,-0.00026398479347176733,-0.5451793181719345,0.09365523437543061
4.18,0.027185386868825448,0.0042547797347150165,-0.5016414629584671,0.09933513985864913
4.19,0.06552816703095954,0.005940906906590642,-0.44936338259601155,0.09771239557552065
4.2,0.10285351228713319,0.01024765464935689,-0.38369001034120503,0.09997632197871523
4.21,0.13662962017368296,0.01528435327750327,-0.32171968888904157,0.09809565453810876
4.22,0.17300242055756634,0.018542509649375333,-0.2669180454704381,0.09940990379899893
4.23,0.19912095892235057,0.030818170807556562,-0.21969510273677342,0.09814034850642767
4.24,0.21758718764703014,0.02740359938140627,-0.1934587103963322,0.0998997093959329
4.25,0.21856713799062932,0.03040676883447842,-0.1806991465653715,0.09825175915556297
4.26,0.21564593341759533,0.029686286382129654,-0.19220736226889895,0.0970114273906416
4.2700000000000005,0.19896709022788137,0.028392217845498082,-0.21706952740027888,0.10175212732442117
4.28,0.16647408087273904,0.02527459996046864,-0.2597679744940087,0.09898533212808719
4.29,0.13401284390278614,0.019913594922651205,-0.3129878677104174,0.09835474672553624
4.3,0.09526436624672739,0.010759919106897081,-0.374201287348499,0.09465464905045073
4.3100000000000005,0.0619890404632119,0.005108529598560215,-0.43386528101810257,0.09463064264860033
4.32,0.03097190419885297,-5.02916132168762e-05,-0.4863420343556196,0.09779268884781112
4.33,0.0065795655979479575,-0.006124809631106713,-0.5322717013981814,0.0974983002790639
4.34,-0.012714472642933098,-0.005841068605999193,-0.5627287959233693,0.09597901275351077
4.3500000000000005,-0.014973446227153612,-0.009521739361507627,-0.5664824440796769,0.09748922328275153
4.36,-0.014840169301929551,-0.008289956022257626,-0.5589188134275533,0.1003845117396146
4.37,0.0014994967056365482,-0.005499282614155616,-0.5379292236408639,0.09859806283262801
4.38,0.030876365475556788,0.00042634605135329854,-0.4926504640092449,0.09492524086402193
4.39,0.06431250665649402,0.004889968442067073,-0.44255346564889714,0.09698424022924153
4.4,0.09927744110605936,0.009332410088123407,-0.38283620106596455,0.09559732492182228
4.41,0.13072115610890103,0.020364167885194098,-0.3246327165448913,0.09643185805071029
4.42,0.16643497734590704,0.025385195852529078,-0.273250126344039,0.09638002655226813
4.43,0.1889309644119762,0.031509304968995594,-0.23259787162325501,0.0962519667183194
4.44,0.20859588797621373,0.03774584673651122,-0.2056549299556115,0.09469698713958062
4.45,0.21303941182858974,0.04072421113316372,-0.19654084655570384,0.09695194852049104
4.46,0.204409917318691,0.037391686474637524,-0.2048448223497546,0.09608604260983279
4.47,0.18886746897978565,0.034504416853696214,-0.22908781547004567,0.09134836050352288
4.48,0.16270279079402267,0.031531053648166565,-0.27040986913197834,0.10131320193253074
4.49,0.1334749454417313,0.02105473035044338,-0.3181487610281324,0.09938479719196075
4.5,0.10125311524324923,0.017129440212395604,-0.372316264573425,0.09645465643367741
4.51,0.06345477302756673,0.004146598344364391,-0.4319682451339043,0.0972448959830086
4.5200000000000005,0.03616909533472652,-0.008797787359352396,-0.4801727304354104,0.09486394918889228
4.53,0.010406170199940088,-0.010596050629728543,-0.5190527905837151,0.10059870363914913
4.54,-0.004996315527491305,-0.015976039881298386,-0.5441635485170824,0.10100183527307363
4.55,-0.00832532556798036,-0.016075723025278363,-0.5536624218643167,0.09752064534002046
4.5600000000000005,-0.004356960951832563,-0.0162354331958223,-0.5438606083770082,0.0992543191718981
4.57,0.012271551089398062,-0.013814525997947536,-0.5195546014539676,0.09755783144139525
4.58,0.03484868111329242,-0.009288493523517148,-0.48474501652636764,0.09453380700577554
4.59,0.07081565102801758,0.001501578443359397,-0.43245781167328334,0.0963836111456001
4.6000000000000005,0.09941335770619163,0.010225033075616822,-0.37955032604510897,0.09747111381707133
4.61,0.1300128574260571,0.021055616079252874,-0.33040487114816963,0.09629816244604052
4.62,0.16039656479563033,0.032950078292531916,-0.28187329005127176,0.09676995132865733
4.63,0.18204249426929486,0.04296092581971378,-0.24358840343025787,0.09702445876850918
4.64,0.19576721757564652,0.04572034899738237,-0.22209354181461877,0.09704550088779648
4.65,0.20176762008581922,0.04471117888074678,-0.21177400769928056,0.09731177486452237
4.66,0.19647305980488342,0.04672348374210819,-0.21754506437564866,0.0950860477507342
4.67,0.17907790283739677,0.043551028217225306,-0.24752444857281197,0.09577322558527154
4.68,0.15649807561569729,0.03222785199262215,-0.28487685492042825,0.09463808935212747
4.69,0.12923720826583776,0.02312224711907496,-0.3267236450963697,0.09916288898289981
4.7,0.09473898827277488,0.011955450373492944,-0.37545183890060096,0.09299596399984676
4.71,0.06629122047030155,-0.0014099082087292354,-0.42638172924083995,0.09951443857016126
4.72,0.045379645867195076,-0.009447426671632533,-0.46674893869611717,0.0999799566780531
4.73,0.02515985177319495,-0.019918866085506,-0.5066737076948589,0.09660289670956217
4.74,0.00843683190521297,-0.02485942017976576,-0.5240685848530551,0.09200098370787281
4.75,0.006140994279732152,-0.029909329526585614,-0.5336063393571081,0.09648463675959283
4.76,0.010903402965262236,-0.02752587191529686,-0.5208881838462286,0.09707888956094977
4.7700000000000005,0.030317348608382654,-0.01985252977566105,-0.4980293598440559,0.09518606144366959
4.78,0.04737985499139108,-0.01325529233575301,-0.46968983826698585,0.09617682109591093
4.79,0.0708140676271302,0.00237635558161393,-0.4270932606903262,0.10026764828125412
4.8,0.09743174972104515,0.011126801612805475,-0.37819742217319446,0.0985371122081309
4.8100000000000005,0.12395409861994271,0.025694952238051478,-0.3352485317093947,0.09535812965477121
4.82,0.1522448731192247,0.03942847504646501,-0.2941560756124566,0.09401205954433654
4.83,0.1694898188191853,0.04479301084869589,-0.2623789614903555,0.09655322324830787
4.84,0.18003885686431143,0.050868471022561645,-0.2466981897380155,0.09678034432482653
4.8500000000000005,0.1851502817707658,0.054042757825125604,-0.23684579551368606,0.09819965625825404
4.86,0.17931208269477852,0.05790324752985604,-0.24597439165893703,0.09613662445839209
4.87,0.17198132797483506,0.04820675517843857,-0.2664749707900564,0.09823025703425113
4.88,0.15099109844084374,0.044511117721001886,-0.2940508079620255,0.10107756596364786
4.89,0.12532189883304182,0.0254006196851911,-0.3383713953804781,0.09883825992841594
4.9,0.10230271888002561,0.012295176590428222,-0.37659555920608245,0.09711108086886587
4.91,0.07396627790902523,8.242609634158534e-05,-0.42040474785747994,0.09684095694142082
4.92,0.04949919242165309,-0.012765989750422051,-0.45727832088534404,0.09649391161516767
4.93,0.036765938484517924,-0.023885931062591854,-0.4839298380607857,0.0995685397084317
4.94,0.02399396323726712,-0.03310626726323673,-0.5024637425514008,0.09595263099162481
4.95,0.01766438649712574,-0.036445844910624754,-0.5071615763227367,0.09729770330152737
4.96,0.023973864793253807,-0.035344912518414366,-0.4989937459641744,0.09730965368728958
4.97,0.03441534773344423,-0.02816520759575219,-0.4822970131364161,0.09620368949790435
4.98,0.05112235401650505,-0.019747093577589685,-0.45400876824377795,0.0944623267877592
4.99,0.07753237299182132,-0.005946304117248612,-0.4194565220808856,0.09785320689076274
5.0,0.10316166388318687,0.011919325069212349,-0.38042464985879043,0.09708524993981664
5.01,0.11973995307523445,0.028149673632827138,-0.3351411686363446,0.09820773882240055
5.0200000000000005,0.14414133497415368,0.04283803187204947,-0.30522388161113084,0.09614005727064907
5.03,0.15753869365274512,0.0575422213323709,-0.2844084981646057,0.0996489004811535
5.04,0.16759149469307663,0.06632848631815354,-0.26852874520274495,0.09545371032110372
5.05,0.17018667696274384,0.06782565401414603,-0.2605161923051493,0.10063133845156319
5.0600000000000005,0.16539924007496906,0.06837981536278893,-0.26723413792147355,0.09371198486387089
5.07,0.15648989128656443,0.05557889394635617,-0.28482802863473505,0.09807679801264119
5.08,0.13868700109910453,0.045223503910031694,-0.3126472912168787,0.09815811924858066
5.09,0.12120926967213305,0.028364331858791333,-0.3445023069241061,0.09561614374764564
5.1000000000000005,0.09924235438334698,0.008193000749888307,-0.3783654716020769,0.09805604575924944
5.11,0.07800344751069856,-0.006435796847050784,-0.4128277702492629,0.09976629522304772
5.12,0.05828678161297737,-0.02323691286001939,-0.4473359833406374,0.09277362020481927
5.13,0.04478300581798417,-0.03353197640119094,-0.46654497477601015,0.09821274749850904
5.14,0.03877931971251673,-0.04430494631668796,-0.48185401328280114,0.09222071624286725
5.15,0.03581895573430829,-0.051092717520526645,-0.48366176770541797,0.09527592827648099
5.16,0.03672484202338014,-0.042844114460178856,-0.4717089114426223,0.1004655906133293
5.17,0.048536254740923004,-0.0357936414201705,-0.46096333922288873,0.0960436938167433
5.18,0.06422100570801176,-0.023656311280699036,-0.438698815033252,0.09485949795470947
5.19,0.07697615032212853,-0.008003806674411655,-0.40739767676531624,0.09681138242555805
5.2,0.10042955098700689,0.010007195510587617,-0.3771155094368129,0.10134307055985452
5.21,0.11659422037705101,0.030972709886401353,-0.3468640117812293,0.09354389338911535
5.22,0.13539217081886712,0.05204505902704917,-0.3198142166570895,0.09510463806024871
5.23,0.1452782643968065,0.06832351712344684,-0.29642421340059727,0.10020212124988666
5.24,0.1508431082561812,0.07735591060282897,-0.2903967605753984,0.10092266257060288
5.25,0.153316915947932,0.07699684031450041,-0.2840573322751068,0.09700039543494685
5.26,0.15318837056930468,0.07297238775000127,-0.29283799713323805,0.09472915247847412
5.2700000000000005,0.14500948099472494,0.066438886457095,-0.3042111553184651,0.10139894488714572
5.28,0.1299199995282603,0.04807704854186803,-0.328469671679676,0.1003961426670258
5.29,0.11742885204351622,0.03358726901768854,-0.35325196806247633,0.09856515185905187
5.3,0.09601979047770877,0.011630868811438495,-0.38063888731086615,0.09558245318565257
5.3100000000000005,0.08283323176439959,-0.01031713576022997,-0.4048524504632953,0.09710919920185133
5.32,0.06617602132097047,-0.03207814919681549,-0.42832075941939124,0.09688653772143775
5.33,0.05627959944392984,-0.04360397797408523,-0.4502916544794047,0.09786896049275856
5.34,0.05099733591397533,-0.05606997734306836,-0.45809712099944105,0.10010926075979008
5.3500000000000005,0.0473693309848468,-0.06125127894582588,-0.46210747751794196,0.09896609196580222
5.36,0.051423816722784475,-0.06162487876325485,-0.4575365266584623,0.0950525057295579
5.37,0.06179106932499494,-0.046175979662568464,-0.44261268038246077,0.09996025078356649
5.38,0.06983640757797663,-0.02696746488296698,-0.4242307451515265,0.09783352216355372
5.39,0.0863133734051936,-0.00720004207472711,-0.3964042128940127,0.09858138947524524
5.4,0.097083416892932,0.011011881470862498,-0.37653127394886937,0.10014033960208461
5.41,0.11469736613822436,0.03344129075135478,-0.35709675149220094,0.09498409738450031
5.42,0.12903449789352375,0.056332498088826934,-0.3353131323640095,0.09713560672611449
5.43,0.13077623876487,0.07010408973716506,-0.31685712507929964,0.09614434878080898
5.44,0.1399031399233014,0.08367017262014245,-0.30571531211016534,0.0940715390327965
5.45,0.14418454988157717,0.08867610135602665,-0.31082189410236205,0.09790067783873725
5.46,0.13988592645173037,0.08630732075745254,-0.3161237332404536,0.10223037098669625
5.47,0.1344119907146643,0.07323906744696908,-0.3195524446635149,0.0935271023945159
5.48,0.12270962569320794,0.056446006292669625,-0.3385009698818186,0.09714269666142847
5.49,0.11224528864995545,0.033911732647928516,-0.3604308815574432,0.09848834375367696
5.5,0.09903147613146222,0.010272313275955711,-0.37847719646714506,0.09745341428683978
5.51,0.0893253232863788,-0.012507114923590324,-0.40509491466476044,0.09698100177849593
5.5200000000000005,0.07670802975333231,-0.03317406606722094,-0.41751225843958334,0.09460882515663577
5.53,0.0686456404343065,-0.04963341731204631,-0.430283204906622,0.09767283136940774
5.54,0.06220040618838677,-0.06454307631969503,-0.4369584667309374,0.09569372992949556
5.55,0.06076537385944209,-0.06416291819195077,-0.44262864445506334,0.0928274144735703
5.5600000000000005,0.0632676503480844,-0.0641557718114645,-0.43610883716436805,0.09959644232455488
5.57,0.07064535724634538,-0.05265461157218073,-0.4281852376817047,0.09912402952321149
5.58,0.07741252498906585,-0.03665762015014263,-0.41157480396815915,0.09731057983722957
5.59,0.08900992603367572,-0.01778165333122579,-0.39683219834485933,0.09766540725993882
5.6000000000000005,0.10349363219953817,0.013694164776757717,-0.37777096276055666,0.09935589390895853
5.61,0.111653863808217,0.038458680168761826,-0.36169019888712256,0.09765593719708357
5.62,0.11847174874884228,0.05921217768002625,-0.3435875597616451,0.09901529299305004
5.63,0.12853257149732464,0.07816565373101318,-0.332133654301546,0.09661229348177972
5.64,0.12950637353962047,0.09095391031086518,-0.32800153560915674,0.0998312253606753
5.65,0.12730910045877503,0.09110243781464168,-0.3263938685014337,0.09784882933539278
5.66,0.1273007061833747,0.08941181359355554,-0.3333146914771326,0.09759536177073916
5.67,0.12067767727844421,0.0805521887192217,-0.3394312179009602,0.09466713570610334
5.68,0.11655626863163315,0.05828170277818779,-0.35098803452339516,0.09778116959213083
5.69,0.10864152587191378,0.03828367337746847,-0.35991123691541044,0.0955433480485385
5.7,0.10269570522679679,0.009212910374788098,-0.3824205599702501,0.09593069243047042
5.71,0.09104443683277957,-0.013066637279208293,-0.39165281929799356,0.09557650662689517
5.72,0.08216598447126443,-0.037599319450897555,-0.40496752304143996,0.09507478801972896
5.73,0.07835688395626315,-0.05955937710413139,-0.41565194494646124,0.10145680068956134
5.74,0.06875793284441288,-0.0661961472337969,-0.417956157897625,0.09986993600750421
5.75,0.07278091386472776,-0.07435101718624137,-0.42177080212726087,0.10104799288781594
5.76,0.07562178652028494,-0.07054939664079704,-0.4185394362489455,0.09476146784441628
5.7700000000000005,0.07527182587691418,-0.056613951116155255,-0.41231980971214516,0.09734976538334919
5.78,0.08656012605424232,-0.03597816495449716,-0.39976676538060196,0.09462024263311922
5.79,0.09223711244364835,-0.01655487216179895,-0.3880993935195342,0.09581586812913329
5.8,0.09851225477444493,0.012049433683729762,-0.3788762575629668,0.09537100391669426
5.8100000000000005,0.1081159109321144,0.03933901857943318,-0.3681342448756857,0.09968642589641054
5.82,0.11790751478062574,0.06391702168593033,-0.3554546192033783,0.09641479852732389
5.83,0.11865892159180035,0.08205239822971243,-0.34882173805303834,0.09934401655091545
5.84,0.12171399867017388,0.09335106836278631,-0.34275169084283597,0.09841549966270445
5.8500000000000005,0.12100409025552776,0.09679203494622028,-0.3393224866690986,0.10181453538773699
5.86,0.1187232941396214,0.09450425904293507,-0.3455356017290446,0.09424836943724796
5.87,0.11860402108672102,0.0799751361795544,-0.3506246209296006,0.09972572436310101
5.88,0.11018065613255915,0.05714560778696379,-0.35894847775975325,0.09950013962432887
5.89,0.10596067898644732,0.039675088579588215,-0.3675249358820304,0.09526050020747334
5.9,0.09838751570871594,0.013733943666206705,-0.38438041428347386,0.09922152455647373
5.91,0.09406749745881773,-0.019729491451902427,-0.39128326559359783,0.09787954780957987
5.92,0.08837861773941263,-0.041360280177468824,-0.398372324897453,0.09675230536362059
5.93,0.0857137075179551,-0.057451383765640865,-0.40286941852353564,0.0955593869095834
5.94,0.08021519404295314,-0.0670267235824618,-0.40979659768163224,0.09576903898062904
5.95,0.08013035882535754,-0.07542303193151519,-0.4130119417882638,0.10130688207509926
5.96,0.07997030241203716,-0.0726808297405917,-0.4055716799123201,0.09720862352144237
5.97,0.08392841498502798,-0.059196858028139704,-0.4029557281082088,0.09877151788659033
5.98,0.08975018843410133,-0.036745097539900295,-0.3969233467871408,0.0956254591201923
5.99,0.09552385689856856,-0.016403489466469294,-0.38745597136643073,0.09564755199108413
6.0,0.09749849995389093,0.01032768997073389,-0.37783804530287635,0.09937122750202729
6.01,0.10620588538221462,0.037998222031924996,-0.3704276889681206,0.09450810546042435
6.0200000000000005,0.11160581561556808,0.06144034112975021,-0.3666325637073752,0.09637683034771687
6.03,0.11305295509514265,0.08292855374598877,-0.3553106924070128,0.09727531270567187
6.04,0.11793650695868357,0.09832632874314193,-0.3517030662867854,0.09743000308720752
6.05,0.11308318387240197,0.0999629258611677,-0.35254640466379156,0.0968490713134951
6.0600000000000005,0.11109746681163905,0.09448915548570175,-0.35818442727376165,0.09799889744571925
6.07,0.10765437138380647,0.0819582177178903,-0.36045191928374126,0.09859296939516303
6.08,0.11078114867076709,0.06006658511872498,-0.36579136410624113,0.09867653297444606
6.09,0.10500038273144077,0.04062199410318353,-0.37137118441501227,0.09523565026619175
6.1000000000000005,0.09923166126042568,0.011770399590008113,-0.3783359622204656,0.09663894768766981
6.11,0.09573281499283319,-0.015310780830383673,-0.38785649523437987,0.09959678360728129
6.12,0.0893261251592674,-0.03274994565019194,-0.39192948942224676,0.09899655225867515
6.13,0.09377046444939456,-0.05766976041872481,-0.39537730018483264,0.09446153898056528
6.140000000000001,0.08756009891865861,-0.07198340540896353,-0.3957710399953659,0.09791021768423182
6.15,0.08716946362761291,-0.07544778261185915,-0.3975592130970039,0.09325080738477778
6.16,0.0892599860801274,-0.06793608465449008,-0.39564899959398975,0.09730112768764815
6.17,0.0907032622146331,-0.057620826330014016,-0.393705828373247,0.10100279191701936
6.18,0.09296472648805115,-0.04155521845996881,-0.3863530398515663,0.09531147244898944
6.19,0.09425086822841301,-0.012790779741550445,-0.3827717131852852,0.09553861179254425
6.2,0.10028576731651836,0.010589785812957006,-0.3795460807894879,0.09873531744667313
6.21,0.10646675782330094,0.042121972044346104,-0.3695918312829765,0.09412165485310811
6.22,0.10828453737072086,0.06428768375285189,-0.3664338297598719,0.09594174782375733
6.23,0.1109434680309478,0.07997259368737093,-0.3653954640192175,0.09840014015869092
6.24,0.10799333587383952,0.09534307245830827,-0.3636544778772734,0.0959386861881486
6.25,0.10730855955150784,0.09686969302176973,-0.36196944110532514,0.09673531790910547
6.26,0.10833855981695778,0.09408332126102559,-0.363064086658976,0.09869562930415748
6.2700000000000005,0.10714433885785293,0.08115072707497872,-0.366309263674885,0.09805035005060053
6.28,0.10699269531599381,0.0596874711443902,-0.3698652335661801,0.09774089467611821
6.29,0.09876430754072184,0.03656454554750972,-0.37151970517249505,0.09652901332498733
6.3,0.10240193124116799,0.013985995619197887,-0.3773395727974477,0.09794738011406531
6.3100000000000005,0.09634657912313718,-0.014513960209280115,-0.3833894986631037,0.0969597925233279
6.32,0.09350762290079132,-0.03774543058293901,-0.3854963394185488,0.09812286910337897
6.33,0.09061982201300806,-0.057021756550607317,-0.39208940259890324,0.09621339383329146
6.34,0.08833995475829923,-0.0657705728489917,-0.39067705840854866,0.09684211993476832
6.3500000000000005,0.09308758388575926,-0.0662503317218588,-0.38794478993499415,0.09522734229842338
6.36,0.09214951714755264,-0.06820494973589614,-0.3908422754553523,0.09713724266351494
6.37,0.09066510678187806,-0.05413108541514944,-0.3899494956085766,0.09558525615626971
6.38,0.09242634083110028,-0.03309824371536187,-0.3865595143471969,0.09497916498320343
6.390000000000001,0.09645037849875172,-0.013292127188996196,-0.38389872318413687,0.09772458017923819
6.4,0.10268087365282527,0.012830817576535007,-0.3796638659616334,0.09763273743524273
6.41,0.10094044624270956,0.034660533722455054,-0.37543654683162075,0.09877300535342455
6.42,0.1002668618458154,0.05987195895433038,-0.37464971592590685,0.09634500674437721
6.43,0.10413135653405077,0.07608973642154329,-0.36973720037223556,0.09802336357720091
6.44,0.1048550941079326,0.08943713256880952,-0.36681125020120614,0.09830885302807474
6.45,0.10016466649290709,0.09337521540106897,-0.3703752146174508,0.0980968054991906
6.46,0.1050022786347264,0.09196799367044145,-0.3665266998357338,0.09555595051792312
6.47,0.10366807868781411,0.07647200087901072,-0.3703556349894521,0.09750598484806978
6.48,0.10412826245663616,0.05841253768208699,-0.3717196170939219,0.09793553847563673
6.49,0.10478077692858609,0.03629507371101127,-0.377876604806853,0.09722161481734329
6.5,0.10159596066134215,0.0112197413984136,-0.37768967493098327,0.09303430256678524
6.51,0.09714988155091106,-0.011138582166447884,-0.38418939311854633,0.09752823713147436
6.5200000000000005,0.09405964812056612,-0.03359200864523222,-0.38237700917552064,0.10163231996232189
6.53,0.10036924029711591,-0.04925030567931903,-0.38531825789635243,0.09648717934601345
6.54,0.0947387975667328,-0.057366111270398465,-0.3853351213051513,0.09575110368781677
6.55,0.09452996789211439,-0.0653048779617469,-0.38883924299280415,0.0979539550029502
6.5600000000000005,0.09480691800645856,-0.05693468373017532,-0.3875356090183877,0.09783201430446055
6.57,0.09601823851154588,-0.045614482512793306,-0.3831307663252005,0.09959272821436024
6.58,0.09641953940560662,-0.03177893866259082,-0.3843911362041102,0.09469152157170964
6.59,0.0968457763735616,-0.015037276702025572,-0.3794989128236063,0.0986700183886774
6.6000000000000005,0.09824911271976575,0.010710430009847107,-0.38100911919907715,0.09838810200603033
6.61,0.10055866191729237,0.036968697565014044,-0.37456385067277415,0.09692296480964632
6.62,0.10063032252777561,0.05431837991977779,-0.3770705594312664,0.0978846325193708
6.63,0.10110047082942071,0.067974493355946,-0.3723086012099949,0.09926617284672412
6.640000000000001,0.1032006020548156,0.07872295246230546,-0.371547429188485,0.09895188864358431
6.65,0.10256532199754427,0.08444483329548401,-0.37417764970963835,0.09492121925937995
6.66,0.10580757731641934,0.07995019076821717,-0.3721265538196004,0.09884757425703838
6.67,0.09690405806266439,0.06800546195695532,-0.3737588033988706,0.09707788067346237
6.68,0.10355114893307141,0.05200724220672353,-0.3767746152083891,0.09735300607955844
6.69,0.10287155807797888,0.03245369442647333,-0.3793808444871249,0.0973536518655308
6.7,0.09519605013743028,0.010081253615037485,-0.3829664411251312,0.09690677190593089
6.71,0.09767538794609941,-0.005858034242309811,-0.37990975546106687,0.09959067287774154
6.72,0.09678197954589957,-0.02840642024334621,-0.3850568202085894,0.09703982196382899
6.73,0.0940928519548737,-0.03987064895355208,-0.3826783492986174,0.09496816562676107
6.74,0.09500196307112772,-0.04831684254466484,-0.3839020191047069,0.09642019817158795
6.75,0.09427240630086334,-0.05212576939370738,-0.3820659547176834,0.09756464731714835
6.76,0.10021118872692658,-0.05128051620365124,-0.3835676440111761,0.09966568745212151
6.7700000000000005,0.09903287135056159,-0.039894736362834,-0.3827204747477034,0.09841344725342507
6.78,0.10034449604788895,-0.02606380503235423,-0.3794419455006608,0.09550618732603332
6.79,0.09999804712640648,-0.009672379191933794,-0.3789762536500626,0.10217763771688519
6.8,0.09708472705981203,0.01257479254747766,-0.37771894122963984,0.09773680850548337
6.8100000000000005,0.09903899556327501,0.02904490686246314,-0.3761919955792962,0.09975803935952544
6.82,0.10169969954663896,0.05104801343262856,-0.3792128842885401,0.09690382901637296
6.83,0.0987425588618281,0.061158622184693194,-0.3739911180286687,0.0982739763729383
6.84,0.10287596824135518,0.07080676687266266,-0.37399027983409505,0.09888619489256421
6.8500000000000005,0.10101561371988464,0.07346306758303012,-0.37733985510255424,0.09964364730703593
6.86,0.10058358167008807,0.06890090770645918,-0.376221295255314,0.09932199449428386
6.87,0.10241005982375175,0.06158441145869575,-0.3764585407153043,0.09895165188367336
6.88,0.10139286634197564,0.04589575849807858,-0.37744948433618253,0.09657708442113919
6.890000000000001,0.09921417444261646,0.03186517803834767,-0.3774222368290325,0.09606376579961529
6.9,0.10166149020897505,0.009234114623540643,-0.376155369771267,0.0978724729041758
6.91,0.09662085891851582,-0.005693069372833927,-0.3776752700687247,0.09907351402820955
6.92,0.09954040672602882,-0.017880816862404444,-0.38313616343079887,0.0967618164819742
6.93,0.09914648483022667,-0.036010786855763866,-0.37973626395755616,0.09933760181495618
6.94,0.09714546356182273,-0.04292809717365898,-0.3785502880080551,0.10011249137449976
6.95,0.09838376050373059,-0.04276887657417486,-0.38042922171285215,0.09537461604538057
6.96,0.09535275371356523,-0.040206564369063835,-0.37884388521534773,0.09553341647593484
6.97,0.09996221943460416,-0.03159603827084101,-0.37663080572402774,0.09692650776571674
6.98,0.09810651481163817,-0.018913965742338817,-0.378026447398302,0.0978224832199058
6.99,0.09785522977727736,-0.0033684519726835736,-0.3788365724614819,0.0961581238559933
7.0,0.10144084905392028,0.014145473667947325,-0.37647418099042235,0.0999116632412617
7.01,0.0983505489150219,0.02898169163233019,-0.3775855526606913,0.09805539160656432
7.0200000000000005,0.09729443478323824,0.042014354803765946,-0.3772511008549883,0.0972861519800089
7.03,0.09725583970161494,0.05491922511855985,-0.3775931194715007,0.09433543883579035
7.04,0.10172523456028566,0.06418187825467689,-0.373562311253249,0.0945756262506724
7.05,0.09797567907163152,0.06208085043755219,-0.37835615297692327,0.09776927638409103
7.0600000000000005,0.10395354348494981,0.057426089083151055,-0.373869079865188,0.09294206663121773
7.07,0.09608737074232175,0.05407524752250852,-0.3763135300645297,0.09923253270281555
7.08,0.10337574796281099,0.0403895611669037,-0.38064490012304814,0.09689095019478276
7.09,0.10009111424862846,0.02250860268483554,-0.37772529766627455,0.10369344382271688
7.1000000000000005,0.09914940437850575,0.01362091733833478,-0.3832294577647522,0.10182309038475963
7.11,0.09794635684740415,-0.0037476232863436288,-0.3782567641123322,0.09684435974503237
7.12,0.09957573564805113,-0.01572363774620367,-0.3780919796293773,0.09699458387846478
7.13,0.09851334153065151,-0.02479436284101513,-0.38124611385434454,0.09919842091153147
7.140000000000001,0.10069016089929783,-0.03114493199537431,-0.3798539637577463,0.10061360310336348
7.15,0.09869576500590033,-0.031823018851917996,-0.37610933420960546,0.09393119976865538
7.16,0.09883662491123354,-0.031408913419593364,-0.3808705960439598,0.09363450695281804
7.17,0.0979506749218801,-0.02275138275014039,-0.3817193778519061,0.09596318827241865
7.18,0.09876093602947213,-0.01423023876981786,-0.3762925644730387,0.09837273304987514
7.19,0.09972010324801919,8.418614329714692e-05,-0.37495097997718324,0.0982010050645426
7.2,0.09592249381693328,0.013156808952061267,-0.3785409730568995,0.09934680079349512
7.21,0.09687001532628446,0.023058842684832954,-0.3762472098239342,0.09480786282679679
7.22,0.10124113309753648,0.03853373823198887,-0.37536885249695273,0.09257497015758966
7.23,0.10023333381110346,0.044077513569158226,-0.379393524701904,0.0989232862741317
7.24,0.0995994488028579,0.052119218879281684,-0.37881357059348847,0.09555086533759694
7.25,0.10001545712225392,0.05272106776585375,-0.37537970249537617,0.09317028215475014
7.26,0.10062327217587268,0.05322700038923984,-0.37450889425798656,0.09749738537544617
7.2700000000000005,0.09874518571950039,0.04308218579161592,-0.37685774918940806,0.09879360925996476
7.28,0.0981250433227397,0.033897501915154254,-0.37992944212023894,0.09696314361928486
7.29,0.0999068939878558,0.023653420338859817,-0.3744532013660504,0.09629156111116242
7.3,0.09738608504701649,0.011319714418366386,-0.37978237215275795,0.09688853341923559
7.3100000000000005,0.09999797254483385,0.002061750319532317,-0.37966916306088166,0.09646609235872584
7.32,0.09564073963502079,-0.012827891050064148,-0.3785611112931937,0.09451116365964707
7.33,0.10100582658225463,-0.019412982114156548,-0.3763325780160035,0.09577789652954655
7.34,0.09983854742462439,-0.024117736280756374,-0.3778545068042099,0.09824981769355504
7.3500000000000005,0.09939782808586768,-0.0213501818528003,-0.37875898813747577,0.0978506149662804
7.36,0.10088786276821421,-0.01765763122450301,-0.37857137231962257,0.09754337749546105
7.37,0.10232804066209102,-0.015977867280016454,-0.379226591815853,0.09521696091982065
7.38,0.10112871309877741,-0.00825841696200172,-0.3779652205501831,0.09684425155925608
7.390000000000001,0.09553765389018974,0.0017755893154338509,-0.3838645258615605,0.0928531277906417
7.4,0.09678367666877513,0.01424983058925169,-0.37911156691033826,0.09756421121129819
7.41,0.09820850758158635,0.020077816741756755,-0.3778004287987641,0.10006497329915455
7.42,0.09960698919881703,0.031168782984477388,-0.3804524912993096,0.0942589936194432
7.43,0.10066008564855843,0.03934015725761431,-0.3773205887924764,0.0960354025368919
7.44,0.09821158826368317,0.04243613220631156,-0.3785404100551572,0.09786547144094766
7.45,0.10004168728779136,0.04288653973471099,-0.374745966306988,0.09971294315238238
7.46,0.09813095820876029,0.04259259680426797,-0.3752825564300369,0.09631080865092712
7.47,0.09836538995279835,0.030548417254008958,-0.3795159283731687,0.09582275722499561
7.48,0.09670184946525459,0.030484160448171763,-0.37901692576569534,0.09326941159869524
7.49,0.09758386596655828,0.019528417548714164,-0.3789642214587758,0.09741413414214362
7.5,0.09663946139101387,0.008264808190321802,-0.3797854146557215,0.1012914099638149
7.51,0.09730949790602968,0.00430132917565363,-0.37852003022178604,0.09776197480745676
7.5200000000000005,0.10130028807851882,-0.0015271587005009136,-0.38041733685067713,0.09716269992515998
7.53,0.09724495742192507,-0.010309499889683858,-0.38112608906536066,0.09785142250506138
7.54,0.10438169590594568,-0.011591246258689675,-0.3775956203747668,0.0971850738756302
7.55,0.10010021505024917,-0.011170940506249501,-0.3775706228074676,0.09558122913900714
7.5600000000000005,0.09950208670176361,-0.010091141823763099,-0.3804369278821447,0.09885381771488282
7.57,0.0974533929908949,-0.005434461305682819,-0.3770470454368453,0.09765878092975092
7.58,0.1006223674651414,-0.0013515066898995003,-0.3801254373636975,0.09724248438739472
7.59,0.09813013958707295,0.00443822326418346,-0.3784028368158952,0.09525652582897091
7.6000000000000005,0.09958685023153727,0.008722142360241013,-0.37730902647805176,0.09981427374739693
7.61,0.1045201485712521,0.018832097667149876,-0.3790148363713916,0.09853666337419363
7.62,0.09925555499887659,0.024086256441054436,-0.37798263986125874,0.09610141620879281
7.63,0.10178054550871189,0.03501907855455559,-0.37981352374563604,0.09921090759089128
7.640000000000001,0.09809423969805658,0.03326008793756224,-0.3790117457961806,0.096212116206757
7.65,0.0994327968634901,0.03460224684642273,-0.37883201257853905,0.09564325089850534
7.66,0.10303108750952311,0.03401087847818983,-0.3797226426386013,0.09568785164856683
7.67,0.09820915980531227,0.029566780239554308,-0.3784728549475419,0.09366512077735123
7.68,0.10305195133797329,0.027857701563124802,-0.3812203778733999,0.09815034264436381
7.69,0.1008010114679183,0.01716407621846761,-0.37923417010321264,0.0935449681268507
7.7,0.098217897050458,0.012315288894509089,-0.3790638245802407,0.09475037022099589
7.71,0.100568013163345,0.0041745588507420325,-0.3793160959300243,0.09305608186537034
7.72,0.10121530243122931,-0.002431022589761645,-0.37957170974606075,0.09703511849794562
7.73,0.10049012978701527,-0.005148794663620992,-0.37943525885727764,0.09690661696298367
7.74,0.0960933005441564,-0.0064618386079345206,-0.3784774748777432,0.09655386545715468
7.75,0.09777807796222991,-0.007855732562614832,-0.3776712046009816,0.09512210249418626
7.76,0.09874659449802245,-0.007142710104527752,-0.3805219505327933,0.09486279037665413
7.7700000000000005,0.09911105971512105,-0.005666243506949712,-0.38134019796994684,0.09813599761062056
7.78,0.10052617291865358,0.0012107139946847822,-0.3806997730805921,0.09610615402011044
7.79,0.09966887181705136,0.0034687355544619097,-0.37929120855765436,0.0978399745265997
7.8,0.09667214188482634,0.013446185911414032,-0.3788191853937276,0.09543676051127896
7.8100000000000005,0.10013043835754457,0.01734621510826254,-0.3796384285953822,0.09756938336906958
7.82,0.10061382502687358,0.01882727990904425,-0.38080938383712154,0.09981381395815954
7.83,0.10052841340677422,0.024574306765540867,-0.3793648046042112,0.09837958948431298
7.84,0.1015790627120463,0.025734069999582332,-0.3783940801406529,0.09638243024709445
7.8500000000000005,0.10108622674931429,0.028370410021526397,-0.3778404355508461,0.09772165582423926
7.86,0.10033032756594708,0.029363081469494234,-0.3803020038624968,0.09672592753446699
7.87,0.09925908076896162,0.02049609224071354,-0.38004808534529394,0.09722301825291686
7.88,0.09606045516429117,0.0209411213698209,-0.3809662903532427,0.0965560357792304
7.890000000000001,0.10022206559530615,0.016138109529734535,-0.37894834518688647,0.09687858747175662
7.9,0.09975820597657276,0.013268754136935505,-0.3803117809528611,0.09763144458967576
7.91,0.09986749032487015,0.007989162284065092,-0.3772382232179634,0.09522054048436351
7.92,0.09675549913976307,0.002280059369171723,-0.381816566333747,0.09517550022954745
7.930000000000001,0.09713594101191228,0.0002950240317363171,-0.3789507999975155,0.09443017277586499
7.94,0.10139852944455327,-0.002341300362680869,-0.3777498477677491,0.09400671567451999
7.95,0.09921256740325471,0.001007182926820449,-0.37821388797042543,0.09477269249908644
7.96,0.10065906923387302,-0.000221803249672617,-0.37345634959427554,0.09752618289713567
7.97,0.09936123494161843,0.0055603749875944115,-0.37838461907274035,0.09542168285254364
7.98,0.09937564790474694,0.004561682148441146,-0.3812652955743369,0.0982344868119896
7.99,0.10120591210765396,0.0067761947943358256,-0.37949283517987564,0.09727668538103253
8.0,0.09831074114581179,0.008898645198808917,-0.3827452546725515,0.0932702494566513
8.01,0.09954752140152891,0.011906484689352674,-0.3791491522222055,0.09851720905197078
8.02,0.09844102798324993,0.015443998605021745,-0.3803696434782754,0.09882885517471082
8.03,0.09850391282855622,0.021478605566571725,-0.37656720806436705,0.0952195325338577
8.040000000000001,0.09875844309071885,0.023331583342419412,-0.3792754143807483,0.0980476409693174
8.05,0.09982138695395064,0.019465244747824344,-0.3783303036081661,0.09549426140870901
8.06,0.09841664804609636,0.023686912543397793,-0.3794235167589287,0.09740259863702408
8.07,0.10187991960147762,0.019268238776225896,-0.37487591021093736,0.09467826106961748
8.08,0.09757145657358768,0.018132020619885454,-0.37929822352907244,0.09362104497845826
8.09,0.09897809123367711,0.01819468981208596,-0.37529486475758816,0.09644162350430147
8.1,0.09846336848569819,0.013719752615766202,-0.3775665201951219,0.09695979999097774
8.11,0.10222849131216694,0.008470045684786315,-0.37836675279088977,0.0964118984962982
8.120000000000001,0.09972079810891053,0.004707680389336372,-0.3786020392501087,0.09483919676708229
8.13,0.10138652065341557,0.0002977341029161357,-0.378423131061406,0.09640745975926514
8.14,0.0963491519135568,0.0020589455122731228,-0.3828086407038062,0.09774584738868888
8.15,0.09985417535768919,0.00282930391168905,-0.3791579495719762,0.09711747182328234
8.16,0.10110133096512804,0.001877650490790896,-0.37658664869664504,0.09757225994472583
8.17,0.09949045847963885,0.004942449254089414,-0.3781596816507423,0.09586702748261894
8.18,0.10146198691627958,0.007301667236024813,-0.3808050433389968,0.09955069371295973
8.19,0.09830230210252375,0.009018652596358423,-0.3782053440036718,0.09485491121041785
8.2,0.1021615254826177,0.010626068822387572,-0.3749817488833401,0.09818237847770085
8.21,0.10394609893610936,0.014615298087641521,-0.3762746913273381,0.09957104006944734
8.22,0.09862713240668868,0.017185561956488862,-0.37924740726308676,0.0981690740690252
8.23,0.09846499216393283,0.015635260751944866,-0.377489867457428,0.09680220942939775
8.24,0.10226443600997696,0.02151899438064612,-0.3802384269553144,0.09615066379020146
8.25,0.10251692650415559,0.018690354732311225,-0.38279723506245084,0.09927943318561992
8.26,0.09831073801273213,0.018436885368361897,-0.38096406095001223,0.09436130803300406
8.27,0.09851356516901523,0.01872554373226836,-0.3756183525253575,0.09526700936276812
8.28,0.09878699421838905,0.016215543420325756,-0.37889636589026526,0.09641214235254397
8.290000000000001,0.09665782444904078,0.015796831590394602,-0.3785363623676149,0.0996825653985514
8.3,0.09750552670927815,0.012500322314438456,-0.3785450189833013,0.0979667931556092
8.31,0.09733097515954256,0.008825034257387994,-0.37421458996691204,0.09527116636650691
8.32,0.09780072458697563,0.00916206914135476,-0.3750345881855138,0.0965866424727576
8.33,0.09926487868437367,0.004949461682290803,-0.3742329802388591,0.09597861159533481
8.34,0.09980159916331247,0.006757979645436829,-0.3793636008261994,0.09578767989906034
8.35,0.10243410542929775,0.006328502483658126,-0.378741953339112,0.09916503700064097
8.36,0.09733726659134252,0.0063718756971401945,-0.382514875326162,0.0944637716250004
8.370000000000001,0.1013042638509781,0.007400537546536598,-0.3765027521757375,0.10042481959499616
8.38,0.09890983770326196,0.005133943334126362,-0.3815880415604714,0.09886371726389666
8.39,0.09924137964967196,0.009274006275112715,-0.37845927100750315,0.0993889812247348
8.4,0.10069246958657975,0.012111763786317018,-0.38069154056778354,0.0962813788594769
8.41,0.09709969751216145,0.013727545608262786,-0.3793396752396669,0.09690737644536919
8.42,0.1001118559403583,0.012621945707046466,-0.37961886771652675,0.09434095425447798
8.43,0.0996812732968868,0.01815349810774751,-0.3791182657183591,0.0961579330693938
8.44,0.10033396132939007,0.014434121739232777,-0.37917233931763594,0.09819456757881372
8.45,0.09992743189042295,0.0182159148086689,-0.37953644617623356,0.09979938400709021
8.46,0.10425912872247121,0.016818089143638994,-0.3771775526031791,0.09499294424992251
8.47,0.0980719858537344,0.013984601366536589,-0.38144250053824136,0.09647624600955687
8.48,0.09828405699507156,0.0178518091565878,-0.3790538902484092,0.09690465944306237
8.49,0.09809816830872783,0.010756824216036076,-0.37709534353183166,0.09441567947914244
8.5,0.09823187636392602,0.0137643823312549,-0.3804079812470835,0.09838995636704422
8.51,0.09806657691299962,0.012768618450962712,-0.3804953478868081,0.0957592772200422
8.52,0.10171817384143714,0.008435742100943664,-0.3791032188013836,0.09681647718117337
8.53,0.10218030066633375,0.011826787646022293,-0.37591242817680653,0.09630335913970366
8.540000000000001,0.09819736276638877,0.008120252022356991,-0.3776344721489737,0.09562858087208806
8.55,0.09767412535306627,0.009114956336823916,-0.37901042191381656,0.0971931679125663
8.56,0.10028203224286251,0.009305353966479697,-0.3771040256185272,0.09677603872639136
8.57,0.09823543487211604,0.00905292337252828,-0.38056929408812,0.09646354211897008
8.58,0.10060664703285362,0.011703491269399966,-0.3773805613299617,0.09575033464016672
8.59,0.09974764859784885,0.012568240274692133,-0.3782833068239161,0.09784630722509333
8.6,0.09631134237225207,0.008429010037558377,-0.3799776816380758,0.10051449242051198
8.61,0.1024387786910487,0.015431690968625539,-0.3811462682340869,0.09748703234920567
8.620000000000001,0.10293628909149495,0.010263129035421151,-0.3811507465918458,0.09919949431334966
8.63,0.09811949144744109,0.016219498647488135,-0.37806392300040714,0.09442681403322048
8.64,0.09856993950241477,0.01673092195571968,-0.3763386914540997,0.09752278076211494
8.65,0.09991708279558092,0.012356853204702038,-0.37970194792199835,0.09501252124558528
8.66,0.10001403311855384,0.01352417792403085,-0.37721394167827665,0.0942534080284636
8.67,0.10066177748767521,0.011718881601105667,-0.3821833947284733,0.09572851506860934
8.68,0.10336452817546303,0.012913945162343322,-0.37922174761046745,0.09959105655235456
8.69,0.09898958254517862,0.012035595379179366,-0.37833291945570646,0.0991072895408667
8.700000000000001,0.09774623611316963,0.013485395048573469,-0.3804336863823847,0.09769326732763621
8.71,0.09658360374133321,0.013859244248683487,-0.3808416951802088,0.09414185676374755
8.72,0.0978799028558889,0.013444863078565916,-0.3805835144248434,0.09681469658075154
8.73,0.09927517495947742,0.009097269250322176,-0.37882278161934985,0.09781065790133088
8.74,0.10293037474025551,0.009557966327389823,-0.3797857987407214,0.0975583303426846
8.75,0.09830603211602706,0.006564706772276846,-0.38372675019347346,0.09351967071656592
8.76,0.09978897734499943,0.008469005917525408,-0.383182008531429,0.09542662218748767
8.77,0.09930882566394605,0.012328856023643791,-0.3797755433596665,0.09707910235522997
8.78,0.10171881424873556,0.014078228310089109,-0.37732018406671286,0.0982798397025618
8.790000000000001,0.10439629306660043,0.008905686917526457,-0.38350899060785715,0.09281500224132752
8.8,0.0982810930564059,0.010741145465729048,-0.37894581556911366,0.0968830099325677
8.81,0.09836431727167746,0.01239490631562859,-0.37913295247995715,0.09749335542328531
8.82,0.10143181499560541,0.013451080177029652,-0.3756272294161826,0.09890648186055984
8.83,0.10070748266476595,0.01159765565834735,-0.3795546553397507,0.09859297305200228
8.84,0.1030372186998666,0.014249194618097712,-0.3783933080472758,0.09837240052114501
8.85,0.10051166210631127,0.012485799029661068,-0.37915795115326073,0.09560737687012354
8.86,0.09862512987757066,0.01329044432033679,-0.38377722605674025,0.0933912536092808
8.870000000000001,0.10052485609093331,0.014170358979610949,-0.3778589205846,0.09642115236940461
8.88,0.10156073309661873,0.012751974905386586,-0.37868145131119796,0.09921052153394452
8.89,0.10098404296130407,0.011468595523387345,-0.3777002355227953,0.09999416693857627
8.9,0.10035737866446114,0.011706854376183172,-0.3704732137499644,0.09862835608812298
8.91,0.10147595513552238,0.011357456545652516,-0.38223137733349216,0.09806593952913088
8.92,0.101681014613182,0.010462045361196198,-0.3745088138815301,0.09796653718029934
8.93,0.10210661509506136,0.010440698057130979,-0.37862482383940094,0.09609502039000585
8.94,0.10063965342196517,0.014018576411787187,-0.377744046414497,0.09694713729642017
8.950000000000001,0.09900799704914631,0.011919977579817179,-0.3787753012206816,0.10054539693518007
8.96,0.09963571728705767,0.010293618532839038,-0.37988995289182265,0.09532214187194366
8.97,0.10175541087675719,0.012459917148816993,-0.38045036482137845,0.10043681546494711
8.98,0.09770865671507434,0.010651876942117132,-0.37877417674549607,0.09656320157454329
8.99,0.10008002589719442,0.01396281491045634,-0.38240820958986044,0.09985812210171757
9.0,0.09855615297759182,0.012665358368430999,-0.37765432933126597,0.09439362786453233
9.01,0.09940045717064593,0.012002953681728984,-0.3796774159680818,0.09837906628585671
9.02,0.10189998203051871,0.013359476577258533,-0.3807577296584379,0.09573371761163217
9.03,0.09972535296368207,0.009502708892389165,-0.37910534395607404,0.09437672349967903
9.040000000000001,0.09943606613260109,0.010491807884958716,-0.3755514405281225,0.0976443259683493
9.05,0.09662348065713353,0.01037381899330099,-0.37914823860438657,0.09922620146071935
9.06,0.10083566535040402,0.012982747336676426,-0.3775397408288507,0.09551737500634042
9.07,0.10063406388745505,0.01602698325209487,-0.3800268166468506,0.09420922596261061
9.08,0.10366952300211195,0.01683667751320916,-0.3773865635501155,0.0970235683548575
9.09,0.09872736554786259,0.013430550285300023,-0.3778056804523025,0.09703238722597304
9.1,0.09978113125757442,0.01292776293392376,-0.37565234964722255,0.09830389713863641
9.11,0.09984151541875014,0.008109313608872216,-0.3797387154934835,0.09910644702625639
9.120000000000001,0.10249758797027876,0.010444969356537081,-0.377937785793416,0.09708842752098241
9.13,0.09915204445177447,0.009822552713496614,-0.3788180666494328,0.10091826451311593
9.14,0.09990065579599834,0.010082887360645372,-0.37605018687403446,0.09765572737259799
9.15,0.10055840604000504,0.010976921721296037,-0.37973574740583843,0.09651440487151361
9.16,0.09971585231317152,0.010417126378884846,-0.37656217352802335,0.09398412316532176
9.17,0.0984498046059516,0.007502022484126148,-0.37834198746853354,0.09668193884289507
9.18,0.09973090105451667,0.013094292168537304,-0.37816931915520835,0.09653448399270513
9.19,0.10149003942648914,0.009613756308147177,-0.3781481589634394,0.09912786747609036
9.200000000000001,0.09728980000342442,0.012404567712257135,-0.3781957859068237,0.09813222513166112
9.21,0.09960881922546325,0.016230728221309335,-0.3793089463744123,0.09484851964026217
9.22,0.09794267793626917,0.010375546815933152,-0.3789543479828879,0.09755176665634949
9.23,0.10173304007474943,0.007249639571362886,-0.37636230016405864,0.09855032022698551
9.24,0.09629658644319673,0.011791274951596306,-0.3774607887794049,0.10026332060230307
9.25,0.09822511626447974,0.014573024311745581,-0.37744735313467864,0.09898226581835552
9.26,0.10009737107991606,0.016252463606507974,-0.3797236523971665,0.09872895119215036
9.27,0.10247397286248226,0.0098042869296408,-0.38018630208137805,0.09732742987275773
9.28,0.0992113950049657,0.013156647950416336,-0.37620252031748175,0.0979838818943743
9.290000000000001,0.09823246392479158,0.011116114083264439,-0.37621628069085306,0.09970626768493973
9.3,0.10310514474112772,0.011714177275426552,-0.37506916488414904,0.09454170308856812
9.31,0.09644677368170332,0.017101806179879747,-0.37945567211779657,0.0965083792290935
9.32,0.09494516616708248,0.00871228669611947,-0.37906023762176344,0.09566212038601493
9.33,0.10022279096088482,0.012156832600773737,-0.3822445816410788,0.09796556412097966
9.34,0.09833864576425114,0.012546825627851931,-0.3800426733614092,0.09966770223482899
9.35,0.09730028882794367,0.013777703244408893,-0.3774194183599866,0.09601330931008527
9.36,0.10075947485910688,0.011827795429630264,-0.3803256150116136,0.09242664914858853
9.370000000000001,0.09983037669294513,0.012300157882686564,-0.37792405947564023,0.09638281639347847
9.38,0.0982146352401483,0.010972776505737485,-0.37929581459773887,0.09903420534756223
9.39,0.09678220282434491,0.012377928091949595,-0.37792659546232626,0.09828251768942717
9.4,0.10108774525880683,0.011239689433040006,-0.3805655881331472,0.09806363037914856
9.41,0.10064324999563817,0.01324993765805875,-0.37793024723985724,0.09664727127977844
9.42,0.09914450957370619,0.011335236859251729,-0.3840578375153827,0.09464919641108784
9.43,0.10303614461672755,0.012877630675600753,-0.37859028119110355,0.09823784652677635
9.44,0.09720270562985757,0.012091720058085374,-0.3817572176918929,0.09553869426345817
9.450000000000001,0.09629182463087314,0.014405900695192635,-0.3764156775127284,0.10157545135028832
9.46,0.09795905442102759,0.012032511966712135,-0.3775576135234629,0.09834827230023645
9.47,0.0992516907525541,0.00855192551719606,-0.3783667247750402,0.09604596127841951
9.48,0.09982953163745502,0.014570555725155959,-0.37630663917091445,0.09598448738875015
9.49,0.09886036950326678,0.010175860681883081,-0.3811414286377067,0.09702136947030024
9.5,0.10004694139527513,0.010618541306737188,-0.3755033451208382,0.09672825403948392
9.51,0.09683974188470026,0.010677641062764314,-0.37683176957831416,0.09944092543458732
9.52,0.10223034204538504,0.014570071888516088,-0.37888186278675506,0.0975800902230155
9.53,0.09917850510832554,0.007515372774217129,-0.37591076803393625,0.09574399440571035
9.540000000000001,0.10157739653066541,0.01804344187317186,-0.380287273083653,0.10098813925383897
9.55,0.10002825569546418,0.013877711654535529,-0.3798034801827829,0.09730587454656786
9.56,0.10025631400952253,0.012225260508782271,-0.3795873198343199,0.09874493723546521
9.57,0.10048234663182334,0.011695380547109807,-0.37972495652763666,0.0959908048686379
9.58,0.10023823498885293,0.012412424106603958,-0.3811087932090037,0.09793348913901645
9.59,0.10062826979125329,0.012925328086904882,-0.37681746542899647,0.0978294778658138
9.6,0.1020011356625114,0.013216505155934937,-0.3798836873291504,0.0934279592993351
9.61,0.0997358786016008,0.013077287140769297,-0.3786164151750556,0.10123780810444868
9.620000000000001,0.10076084829544546,0.012178626283800873,-0.3802630970691545,0.0997885468053725
9.63,0.09916337245627253,0.011628814921145975,-0.3824494206692491,0.09641286725123543
9.64,0.10222307974777944,0.011733960778971078,-0.3779387269296329,0.0950027184026157
9.65,0.097990060620816,0.011648217692895708,-0.3820526860633294,0.09790238111113451
9.66,0.1029447246104532,0.014296273122972845,-0.3782269754399708,0.0973806532823562
9.67,0.09926252526481995,0.013197371751645431,-0.38083828051164476,0.09791859578065387
9.68,0.09648128764967243,0.0061042532485192985,-0.3742936686605501,0.09759041267591559
9.69,0.09959904303380174,0.013267749433426911,-0.3767368604760133,0.09821973986213926
9.700000000000001,0.09798072728729677,0.012315546373472375,-0.3786918163982246,0.10010186928231102
9.71,0.10102411448654851,0.011860913429234232,-0.37666609852133437,0.0983434642937847
9.72,0.09803757687041773,0.011098191128667563,-0.38106139510716885,0.09510794688570753
9.73,0.0984504562317965,0.014106874906240893,-0.37830227976865044,0.09993238358895232
9.74,0.09556374081053,0.013744770475464078,-0.37883468425418715,0.10048848701050399
9.75,0.09843820969424634,0.010302983846530792,-0.37843053212183275,0.10351137135255158
9.76,0.0944950645240642,0.012669339375099137,-0.37609410143132277,0.0949602698170482
9.77,0.09617501899307868,0.00992472769470448,-0.3768600873907611,0.09769302190982795
9.78,0.10086365582582038,0.009126236339370939,-0.37751955365291995,0.09304306047714944
9.790000000000001,0.10091442889080743,0.010652086983911723,-0.38136343350607294,0.09831355619628583
9.8,0.10019374572581646,0.013650860928800345,-0.3800881142390157,0.09611085728719386
9.81,0.0974088801225315,0.01385137251208727,-0.37866489341450693,0.10105414947317731
9.82,0.0992474111320931,0.012987120878070984,-0.3785765941104774,0.09565802794349025
9.83,0.09933562973396559,0.013422466893796742,-0.3813565989021463,0.09382889180759288
9.84,0.09702610589238332,0.013010700019348101,-0.37448685187943204,0.09626473040212237
9.85,0.10234963183586153,0.010695997080167882,-0.37635541021300306,0.09325628234109314
9.86,0.10109755933644582,0.01283831483705327,-0.37809169227512396,0.09870945679254203
9.870000000000001,0.09890090558614147,0.013566500147232853,-0.3789062341508438,0.09307709179101477
9.88,0.0993966045626428,0.013462339144015598,-0.3791464654775978,0.09726417304589373
9.89,0.0997595973494958,0.014317899715340216,-0.3803128201996618,0.09305163424381502
9.9,0.09525936086539796,0.013342681678436955,-0.3780270077685832,0.09656666227445412
9.91,0.09884847483177536,0.012616021832880998,-0.3775765132592932,0.10049401419513648
9.92,0.09797886030364983,0.01404269044307769,-0.3806449915373997,0.09792855366639899
9.93,0.09733958824412217,0.01184168790887429,-0.3777016652048945,0.09548027067359754
9.94,0.09878062742599639,0.010126899876528038,-0.3789597991391828,0.09714485090564924
9.950000000000001,0.10293820108936552,0.011564133032252333,-0.3827650343945058,0.0972432916276163
9.96,0.10062451402493378,0.010403534760238795,-0.38091848694392,0.09815251857521422
9.97,0.09820047077959937,0.010548954745063743,-0.38013205632639174,0.09447354115696575
9.98,0.10048799490354816,0.01161835015906003,-0.37548679008924646,0.09839239243122207
9.99,0.10214154085078161,0.010331793867453701,-0.3779719400757165,0.09179847462032185
10.0,0.10119209796807208,0.011310150924756747,-0.38149577445972266,0.09594748877879979
